Rank,Name,Team,Position,Played,SoloTackles,AssistedTackles,TacklesForLoss,Sacks,SackYards,QuarterbackHits,PassesDefended,Interceptions,FumblesForced,FumblesRecovered,DefensiveTouchdowns,FantasyPointsPerGamePPR,FantasyPointsPPR
1,CJ Mosley,BAL,ILB,16,97,36,11.5,1,0,4,7,2,3,2,1,10.4,166.5
2,Bobby Wagner,SEA,ILB,16,96,36,14,1.5,0,12,6,2,0,1,1,10.4,166
3,Chandler Jones,ARI,DE,16,52,7,28.5,17,0,34,3,0,2,0,0,10.1,161
4,Demario Davis,NYJ,OLB,16,97,36,14,5,0,15,3,0,0,1,0,10,160
5,Blake Martinez,GB,ILB,16,96,49,11.5,1,0,2,8,1,1,2,0,9.8,156
6,Calais Campbell,JAX,DE,16,47,20,18.5,14.5,0,30,3,0,2,1,1,9.5,152.5
6,Wesley Woodyard,TEN,ILB,16,84,40,12.5,5,0,9,5,0,0,2,1,9.5,152.5
8,Cameron Jordan,NO,DE,16,48,14,17,13,0,29,11,1,1,0,1,9.4,150
9,Reshad Jones,MIA,SS,16,93,28,5.5,1.5,0,2,5,2,0,3,2,9.3,149.5
10,Christian Kirksey,CLE,OLB,16,87,52,9,3.5,0,6,5,0,2,1,0,9.3,149
10,Deion Jones,ATL,ILB,16,91,47,11.5,1,0,0,9,3,1,0,0,9.3,149
12,Luke Kuechly,CAR,ILB,15,74,51,10,1.5,0,5,5,3,1,2,1,9.8,146.5
13,Joe Schobert,CLE,ILB,16,86,57,6,3,0,6,3,1,2,0,0,9,144.5
14,Telvin Smith,JAX,OLB,14,76,26,11.5,1,0,2,5,3,1,2,2,10,139.5
15,Joey Bosa,LAC,DE,16,54,16,14.5,12.5,0,23,1,0,3,1,0,8.6,137.5
16,Demarcus Lawrence,DAL,DE,16,36,23,17.5,14.5,0,27,1,0,3,2,0,8.6,137
17,Khalil Mack,OAK,OLB,16,61,17,15,10.5,0,22,3,0,1,1,0,8.5,136.5
18,Zach Brown,WAS,ILB,13,84,43,13.5,2.5,0,5,2,0,1,0,0,10.3,134
18,Jadeveon Clowney,HOU,OLB,16,41,18,23,9.5,0,22,2,0,2,2,1,8.4,134
20,Lavonte David,TB,OLB,13,75,25,8,0,0,3,1,0,4,5,1,10.2,132.5
21,NaVorro Bowman,OAK,ILB,15,81,47,7.5,1.5,0,6,3,1,0,1,0,8.7,130
22,Keanu Neal,ATL,SS,16,83,33,4.5,0,0,0,6,1,3,2,0,8,128
22,Yannick Ngakoue,JAX,DE,16,24,6,16,12,0,28,0,0,7,2,1,8,128
24,Von Miller,DEN,OLB,16,51,6,18,10,0,23,3,0,2,1,0,7.9,127
25,Tahir Whitehead,DET,OLB,16,78,32,9.5,1,0,4,2,1,0,4,0,7.9,126.5
25,Kevin Byard,TEN,FS,16,62,25,3,0,0,3,16,8,0,2,0,7.9,126.5
27,Jordan Poyer,BUF,FS,15,63,32,4,2,0,2,13,5,0,1,1,8.4,126
27,Preston Brown,BUF,ILB,16,83,61,7.5,0,0,2,3,0,0,0,0,7.9,126
29,Eric Kendricks,MIN,ILB,16,67,47,9,1,0,6,6,1,1,0,1,7.8,125.5
30,Melvin Ingram,LAC,DE,16,43,13,18,10.5,0,23,1,0,0,2,1,7.8,124.5
31,Brandon Marshall,DEN,ILB,16,76,31,6,3,0,4,4,0,1,1,1,7.7,123.5
31,Vince Williams,PIT,ILB,16,69,20,10.5,8,0,14,1,1,0,0,0,7.7,123.5
33,Aaron Donald,LAR,DT,14,32,9,18,11,0,27,1,0,5,1,0,8.8,122.5
34,Justin Houston,KC,OLB,15,46,13,15,9.5,0,20,4,0,0,1,1,8,119.5
35,Matt Judon,BAL,OLB,16,50,10,18,8,0,18,3,0,2,1,0,7.4,119
36,Ryan Kerrigan,WAS,OLB,16,34,12,17,13,0,18,2,1,2,0,1,7.4,118
37,Landon Collins,NYG,SS,15,78,26,3.5,0,0,2,6,2,1,2,0,7.8,117.5
38,Kiko Alonso,MIA,OLB,16,78,37,6.5,1,0,5,1,0,2,0,0,7.3,117
38,Alec Ogletree,LAR,ILB,15,63,32,4,2,0,5,10,1,1,1,1,7.8,117
40,Glover Quin,DET,FS,16,60,24,5,0,0,0,6,3,4,1,1,7.1,113
40,Darron Lee,NYJ,ILB,15,67,28,10,3,0,7,3,0,2,0,0,7.5,113
40,Sean Davis,PIT,FS,16,71,21,7.5,1,0,2,8,3,1,0,0,7.1,113
43,Terrell Suggs,BAL,OLB,16,37,12,12,11,0,19,4,0,4,0,0,7,112
43,Cameron Heyward,PIT,DE,15,30,15,17.5,12,0,24,3,0,1,1,0,7.5,112
43,Trey Flowers,NE,DE,14,45,17,10.5,6.5,0,26,3,0,2,0,0,8,112
46,Darius Slay,DET,CB,16,54,6,1,0,0,0,26,8,0,1,0,6.9,111
47,KJ Wright,SEA,OLB,15,72,37,5.5,0,0,2,6,1,0,1,0,7.3,110
47,Harrison Smith,MIN,FS,16,61,17,7.5,1.5,0,3,12,5,0,0,0,6.9,110
47,Kwon Alexander,TB,ILB,12,70,27,7.5,0,0,3,4,3,1,0,0,9.2,110
50,Everson Griffen,MIN,DE,15,31,14,15.5,13,0,26,1,0,1,0,0,7.3,109.5
50,Jason Pierre-Paul,NYG,DE,16,47,21,12,8,0,13,5,0,2,0,0,6.8,109.5
50,Bruce Irvin,OAK,DE,16,38,20,16.5,8,0,14,3,0,4,0,0,6.8,109.5
50,Ryan Shazier,PIT,ILB,12,68,21,4,0,0,2,10,3,1,1,0,9.1,109.5
50,Tre'Davious White,BUF,CB,16,53,16,3.5,0,0,0,18,4,1,2,1,6.8,109.5
55,Brandon Graham,PHI,DE,15,33,14,18,9.5,0,14,2,0,2,1,1,7.2,108
56,Karlos Dansby,ARI,ILB,16,74,21,6,1,0,5,4,1,0,1,0,6.7,107.5
57,Sean Lee,DAL,OLB,11,70,31,13,0,0,1,1,1,1,0,0,9.7,106.5
58,Carlos Dunlap,CIN,DE,16,35,11,11.5,7.5,0,23,7,1,0,0,1,6.6,106
59,Nigel Bradham,PHI,OLB,15,61,27,5.5,1,0,3,8,0,1,1,1,7,105
59,Jarrad Davis,DET,ILB,14,65,31,4.5,2,0,4,3,1,1,1,0,7.5,105
61,Devin McCourty,NE,FS,16,79,17,3,1,0,1,5,1,0,1,0,6.5,104.5
61,Benardrick McKinney,HOU,ILB,16,62,33,10,3,0,9,1,0,0,0,0,6.5,104.5
61,Myles Jack,JAX,ILB,16,65,24,6.5,2,0,5,3,0,0,1,1,6.5,104.5
64,Eric Weddle,BAL,FS,16,49,14,3,1,0,2,8,6,2,1,1,6.5,104
64,Akiem Hicks,CHI,DE,16,39,14,16,8.5,0,19,0,0,0,2,0,6.5,104
64,Jamal Adams,NYJ,SS,16,63,20,10,2,0,2,6,0,1,2,0,6.5,104
64,Desmond King,LAC,CB,16,65,10,6,4,0,6,5,1,0,0,1,6.5,104
68,Ezekiel Ansah,DET,DE,14,39,5,15,12,0,17,0,0,1,1,0,7.4,103.5
68,Micah Hyde,BUF,SS,16,65,17,2,0,0,0,13,5,0,0,0,6.5,103.5
70,Mark Barron,LAR,ILB,14,72,13,7.5,1,0,2,4,3,0,0,0,7.4,103
70,Daniel Sorensen,KC,FS,15,67,22,6,1.5,0,7,6,1,0,0,0,6.9,103
72,DJ Swearinger,WAS,FS,16,62,17,4,1,0,1,10,4,1,0,0,6.4,102.5
73,Matthias Farley,IND,SS,16,58,38,3,0,0,3,7,2,1,1,0,6.4,102
74,Patrick Chung,NE,SS,16,71,12,3,0,0,3,9,1,0,2,0,6.3,101
74,Barry Church,JAX,SS,16,58,16,3,1.5,0,3,8,4,0,0,1,6.3,101
74,Danny Trevathan,CHI,ILB,12,61,30,3,2,0,4,5,1,1,1,0,8.4,101
74,Tyrann Mathieu,ARI,FS,16,69,8,6,1,0,4,7,2,1,0,0,6.3,101
78,Preston Smith,WAS,OLB,16,31,11,11,8,0,21,4,2,1,1,0,6.3,100.5
78,Eddie Jackson,CHI,SS,16,55,17,1,0,0,0,6,2,1,3,2,6.3,100.5
80,Craig Robertson,NO,ILB,16,53,26,7,2,0,2,6,2,1,2,0,6.2,100
81,Lorenzo Alexander,BUF,OLB,16,57,13,7,3,0,13,1,0,3,0,0,6.2,99.5
81,Jahleel Addae,LAC,FS,16,66,30,9.5,0.5,0,1,7,0,0,0,0,6.2,99.5
83,Darqueze Dennard,CIN,CB,16,61,24,2,2,0,2,6,2,0,0,1,6.2,99
83,James Bradberry,CAR,CB,16,66,19,2.5,1,0,1,9,2,1,0,0,6.2,99
85,Jason McCourty,CLE,CB,14,54,11,4,0,0,0,14,3,2,0,1,7,98.5
85,Jurrell Casey,TEN,DT,16,41,19,13,6,0,19,1,0,1,0,0,6.2,98.5
85,Vonn Bell,NO,SS,16,62,21,6,4.5,0,6,2,0,1,0,0,6.2,98.5
88,TJ Watt,PIT,OLB,15,40,14,11,7,0,12,8,1,1,0,0,6.5,98
89,De'Vondre Campbell,ATL,OLB,16,61,31,4,2,0,6,4,0,1,0,0,6.1,97.5
90,Jon Bostic,IND,ILB,14,57,41,8.5,1,0,3,3,0,0,1,0,6.9,97
90,Travis Carrie,OAK,CB,16,70,14,4,0,0,1,9,0,0,2,0,6.1,97
92,Deforest Buckner,SF,DT,16,45,16,7.5,3,0,22,5,0,1,0,0,6,96.5
92,Adoree` Jackson,TEN,CB,16,61,9,1.5,0,0,0,17,0,3,0,0,6,96.5
94,Avery Williamson,TEN,ILB,16,52,40,6,3,0,4,2,0,2,0,0,6,96
94,Kyle Van Noy,NE,LB,13,58,15,8.5,5.5,0,9,2,0,0,0,0,7.4,96
96,Christian Jones,CHI,OLB,16,60,29,5.5,2,0,3,2,0,1,1,0,5.9,95
97,Marcus Peters,KC,CB,14,42,4,2,0,0,0,9,5,4,2,1,6.7,94
97,Mike Hilton,PIT,CB,16,45,15,10.5,4,0,8,6,2,1,0,0,5.9,94
99,Mario Addison,CAR,DE,16,27,17,13,11,0,16,1,0,2,0,0,5.8,93.5
99,Patrick Onwuasor,BAL,OLB,16,67,23,4,1,0,1,2,0,1,1,0,5.8,93.5
101,Trumaine Johnson,LAR,CB,16,57,8,0,0,0,0,14,2,1,1,1,5.8,93
101,Kyle Fuller,CHI,CB,16,59,8,2,0,0,0,22,2,0,0,0,5.8,93
103,James Burgess,CLE,ILB,14,45,28,13.5,4,0,6,3,0,1,0,0,6.6,92.5
104,Earl Thomas,SEA,FS,14,56,32,1,0,0,0,7,2,0,0,1,6.6,92
105,Clay Matthews,GB,OLB,15,29,15,11,8,0,19,3,0,1,1,0,6.1,91.5
105,Kenny Vaccaro,NO,SS,12,48,12,7.5,1.5,0,2,7,3,0,1,1,7.6,91.5
105,Tre Boston,LAC,FS,16,56,23,1,0,0,0,8,5,0,0,0,5.7,91.5
108,Michael Bennett,SEA,DE,16,25,15,16.5,8.5,0,24,1,0,0,0,0,5.7,91
108,Jabaal Sheard,IND,DE,16,37,15,9.5,6.5,0,15,3,0,2,0,0,5.7,91
108,Dontae Johnson,SF,CB,16,69,8,2,0,0,0,7,1,0,0,1,5.7,91
108,Antonio Morrison,IND,ILB,15,65,43,3.5,0,0,0,1,0,0,0,0,6.1,91
112,AJ Bouye,JAX,CB,16,53,3,0,0,0,0,18,6,0,0,0,5.7,90.5
112,Marshon Lattimore,NO,CB,13,43,9,1,0,0,0,18,5,1,0,1,7,90.5
114,Julius Peppers,CAR,DE,16,21,12,12,11,0,17,0,0,2,2,0,5.6,90
114,Ramon Humber,BUF,OLB,13,59,28,8,1,0,3,1,0,1,0,0,6.9,90
114,Buster Skrine,NYJ,CB,15,56,7,2.5,1,0,2,9,1,2,2,0,6,90
114,Deone Bucannon,ARI,OLB,12,58,24,4,1,0,2,3,1,2,0,0,7.5,90
118,Mike Adams,CAR,FS,16,48,21,1,0,0,2,10,2,2,2,0,5.6,89.5
118,Zach Cunningham,HOU,OLB,16,48,40,7.5,1.5,0,2,6,0,1,0,0,5.6,89.5
120,Malcolm Jenkins,PHI,SS,16,60,13,3.5,1,0,2,8,2,0,1,0,5.6,89
120,Tony Jefferson,BAL,SS,16,55,23,7.5,2.5,0,5,2,1,0,0,0,5.6,89
120,Ha'Sean Clinton-Dix,GB,FS,16,65,14,2,0,0,0,6,3,0,0,0,5.6,89
120,Jalen Ramsey,JAX,CB,16,52,11,2.5,0,0,0,17,4,0,0,0,5.6,89
124,Gerald McCoy,TB,DT,15,33,13,14,6,0,22,1,0,0,0,0,5.9,88.5
124,Adrian Amos,CHI,FS,13,61,7,6,0,0,0,3,1,1,1,1,6.8,88.5
124,Karl Joseph,OAK,SS,15,58,21,4,1,0,1,4,1,1,1,0,5.9,88.5
124,Budda Baker,ARI,SS,16,53,16,4.5,1,0,3,6,0,3,1,0,5.5,88.5
128,Chris Jones,KC,DE,16,23,11,10.5,6.5,0,14,7,1,4,0,0,5.5,88
129,Geno Atkins,CIN,DT,16,29,17,11,8.5,0,19,0,0,1,0,0,5.5,87.5
129,Jeff Heath,DAL,SS,15,60,7,2,0,0,0,5,3,2,0,0,5.8,87.5
129,Jalen Mills,PHI,CB,15,51,13,1,0,0,0,14,3,0,0,1,5.8,87.5
132,Cameron Wake,MIA,DE,16,25,10,10,9.5,0,26,0,0,0,0,0,5.4,87
132,Kareem Jackson,HOU,SS,16,54,18,4,1,0,2,10,1,1,0,0,5.4,87
132,Byron Jones,DAL,CB,16,55,25,3.5,0,0,2,5,1,0,0,1,5.4,87
135,Reggie Nelson,OAK,FS,16,60,28,1.5,0,0,0,5,1,1,0,0,5.4,86.5
135,Chris Conte,TB,FS,16,62,15,0,0,0,0,8,1,2,0,0,5.4,86.5
135,Robert Alford,ATL,CB,16,59,8,0.5,0,0,0,20,1,0,0,0,5.4,86.5
135,Malcolm Butler,NE,CB,16,55,5,1,1,0,2,12,2,2,0,0,5.4,86.5
139,Kawann Short,CAR,DT,16,27,22,11,7.5,0,15,1,0,1,1,0,5.4,86
140,Tashaun Gipson,JAX,FS,16,53,11,5,0,0,0,7,4,0,1,0,5.3,85.5
140,Trae Waynes,MIN,CB,16,57,7,5,1,0,1,11,2,0,0,0,5.3,85.5
142,Andre Hal,HOU,FS,16,47,24,4,0,0,1,6,3,2,0,0,5.3,85
142,Anthony Hitchens,DAL,ILB,12,55,29,8.5,0,0,2,2,0,1,0,0,7.1,85
142,Anthony Barr,MIN,OLB,16,52,23,9.5,1,0,4,6,0,0,0,0,5.3,85
145,Antoine Bethea,ARI,FS,15,47,10,1.5,1,0,2,9,5,1,0,0,5.6,84.5
145,Thomas Davis,CAR,OLB,15,52,24,5.5,2.5,0,7,0,0,0,1,0,5.6,84.5
145,Malik Jackson,JAX,DT,16,29,9,11,8,0,12,3,0,3,0,0,5.3,84.5
145,Kendell Beckwith,TB,OLB,16,60,13,7,1,0,1,2,0,2,0,0,5.3,84.5
149,Adrian Clayborn,ATL,DE,16,17,4,7,9.5,0,18,0,0,3,2,1,5.2,84
149,Damon Harrison,NYG,NT,16,50,26,9,1.5,0,3,3,1,0,0,0,5.2,84
149,Frank Clark,SEA,DE,16,19,13,11.5,9,0,21,2,0,1,1,0,5.2,84
149,Justin Simmons,DEN,FS,13,49,19,4.5,1,0,2,5,2,0,0,1,6.5,84
149,Marcus Williams,NO,FS,15,58,14,1,0,0,0,6,4,0,0,0,5.6,84
154,Brian Orakpo,TEN,OLB,16,30,14,6.5,7,0,18,2,0,2,0,0,5.2,83.5
154,Mychal Kendricks,PHI,OLB,15,53,22,4.5,2,0,5,6,0,0,0,0,5.6,83.5
154,Josh Jones,GB,SS,16,59,11,5,2,0,2,5,1,0,0,0,5.2,83.5
157,Jake Ryan,GB,ILB,15,52,29,4.5,1,0,1,0,0,2,1,0,5.5,83
158,Anthony Zettel,DET,DE,16,31,12,10.5,6.5,0,16,0,0,1,1,0,5.2,82.5
159,Lawrence Timmons,MIA,OLB,14,58,26,5,0,0,3,3,0,0,0,0,5.9,82
159,Xavien Howard,MIA,CB,16,42,6,3,1,0,1,13,4,0,0,1,5.1,82
161,Casey Hayward,LAC,CB,16,33,7,2,0,0,0,22,4,1,2,0,5.1,81.5
162,Darian Thompson,NYG,FS,16,61,14,2,0,0,2,6,1,0,0,0,5.1,81
163,Andrew Sendejo,MIN,SS,13,53,26,1,0,0,0,7,2,0,0,0,6.2,80
163,Eric Reid,SF,SS,13,53,14,4,0,0,3,4,2,0,1,0,6.2,80
163,Quandre Diggs,DET,SS,16,45,10,5,1,0,2,9,3,1,0,0,5,80
163,Grady Jarrett,ATL,DT,16,34,21,14.5,4,0,13,0,0,0,0,0,5,80
163,Daryl Worley,CAR,CB,15,50,14,4,1,0,1,10,2,0,0,0,5.3,80
168,Terrance Mitchell,KC,CB,15,48,5,0,0,0,0,17,4,0,0,0,5.3,79.5
169,Brandon Carr,BAL,CB,16,50,6,2,0,0,0,12,4,0,0,0,4.9,79
169,Ndamukong Suh,MIA,NT,16,29,18,11,4.5,0,13,2,0,2,0,0,4.9,79
169,George Iloka,CIN,SS,16,54,25,4.5,0,0,0,5,1,0,0,0,4.9,79
169,Nick Vigil,CIN,OLB,11,44,34,6,1,0,2,5,1,0,0,0,7.2,79
169,Marcus Maye,NYJ,FS,16,57,22,0,0,0,0,2,2,1,0,0,4.9,79
174,Linval Joseph,MIN,NT,16,39,28,5.5,3.5,0,10,0,0,0,1,0,4.9,78.5
174,Dre Kirkpatrick,CIN,CB,14,47,8,4.5,1,0,1,14,1,1,0,0,5.6,78.5
174,Anthony Brown,DAL,CB,16,47,9,3,1,0,2,11,2,1,0,0,4.9,78.5
174,Reuben Foster,SF,ILB,10,59,13,7,0,0,5,1,0,0,0,0,7.8,78.5
178,Derrick Johnson,KC,ILB,15,48,23,5.5,0,0,0,7,0,1,1,0,5.2,78
178,Patrick Robinson,PHI,CB,16,39,7,3.5,1,0,0,18,4,0,0,0,4.9,78
178,Ron Parker,KC,SS,15,58,8,0,0,0,0,4,2,0,2,0,5.2,78
178,Jaylon Smith,DAL,ILB,16,50,31,3.5,1,0,2,2,0,1,0,0,4.9,78
182,Vontaze Burfict,CIN,OLB,10,47,20,6.5,2,0,5,2,0,1,0,0,7.8,77.5
183,Michael Brockers,LAR,DE,16,38,16,7,4.5,0,8,4,0,1,0,0,4.8,77
183,Damarious Randall,GB,SS,14,38,9,4.5,0,0,0,9,4,0,1,1,5.5,77
183,Shaquill Griffin,SEA,CB,15,50,8,2,1,0,1,15,1,0,0,0,5.1,77
186,Mike Daniels,GB,DE,14,34,14,10.5,5,0,12,0,0,1,0,0,5.5,76.5
186,Olivier Vernon,NYG,OLB,12,22,16,8.5,7,0,14,1,1,2,0,0,6.4,76.5
186,Kendall Fuller,WAS,CB,16,43,12,2.5,0,0,0,10,4,1,0,0,4.8,76.5
186,John Johnson,LAR,SS,16,53,17,1,0,0,0,11,1,0,0,0,4.8,76.5
190,Danielle Hunter,MIN,DE,16,26,18,11,7,0,11,2,0,0,1,0,4.8,76
191,Vincent Rey,CIN,OLB,14,52,32,2.5,0,0,0,2,1,0,0,0,5.4,75.5
191,Desmond Trufant,ATL,CB,15,36,5,4,1,0,1,12,2,0,2,1,5,75.5
191,Artie Burns,PIT,CB,16,47,7,2,0,0,1,13,1,0,2,0,4.7,75.5
191,Derek Barnett,PHI,DE,15,19,3,10,5,0,17,0,0,2,2,1,5,75.5
195,Tyvon Branch,ARI,SS,9,52,15,4,0,0,2,6,0,1,0,0,8.3,74.5
195,Darian Stewart,DEN,SS,16,52,11,3,0,0,0,5,3,0,0,0,4.7,74.5
195,Jatavis Brown,LAC,OLB,16,54,25,2,0,0,2,1,0,0,1,0,4.7,74.5
198,Alex Okafor,NO,DE,10,27,16,8,4.5,0,9,4,0,3,0,0,7.4,74
198,Kenny Clark,GB,NT,15,33,23,8.5,5,0,7,1,0,1,0,0,4.9,74
198,Justin Evans,TB,SS,14,49,16,2,0,0,0,6,3,0,0,0,5.3,74
201,Josh Norman,WAS,CB,14,47,17,0,0,0,0,9,0,2,1,0,5.2,73.5
201,Myles Garrett,CLE,DE,11,19,12,9.5,7,0,18,1,0,1,1,0,6.7,73.5
203,Fletcher Cox,PHI,DT,14,15,11,6.5,5.5,0,18,2,0,1,2,1,5.2,73
203,Jamar Taylor,CLE,CB,16,47,14,4,0.5,0,1,10,0,1,0,0,4.6,73
203,K'Waun Williams,SF,CB,14,42,12,5,1,0,1,5,1,2,1,0,5.2,73
206,Rodney McLeod,PHI,FS,14,39,15,2,0,0,0,6,3,1,2,0,5.2,72.5
206,Elandon Roberts,NE,LB,15,45,23,5,2,0,3,1,0,0,1,0,4.8,72.5
208,Robert Quinn,LAR,DE,15,21,11,10.5,8.5,0,12,0,0,2,0,0,4.8,72
208,Barkevious Mingo,IND,OLB,16,33,11,5.5,2,0,7,2,0,2,3,0,4.5,72
208,Ray Ray Armstrong,NYG,ILB,15,43,20,2,1,0,1,2,2,2,0,0,4.8,72
208,Adrian Phillips,LAC,FS,15,48,14,2,0,0,1,5,2,1,0,0,4.8,72
208,Bud Dupree,PIT,OLB,15,31,9,13.5,6,0,7,1,0,0,1,0,4.8,72
208,Todd Davis,DEN,ILB,14,48,34,4,1,0,1,0,0,0,0,0,5.1,72
208,A'Shawn Robinson,DET,DT,16,32,21,4.5,0.5,0,6,6,1,1,0,1,4.5,72
215,Brent Grimes,TB,CB,13,44,5,2,0,0,0,11,3,0,1,0,5.5,71.5
215,Michael Johnson,CIN,DE,15,35,14,11.5,5,0,7,1,0,0,0,0,4.8,71.5
215,Kurt Coleman,CAR,SS,12,51,25,2,0,0,0,3,0,0,1,0,6,71.5
215,EJ Gaines,BUF,CB,11,48,11,0,0,0,0,9,1,2,0,0,6.5,71.5
215,Shaq Thompson,CAR,OLB,14,41,20,7.5,2,0,5,1,0,1,0,0,5.1,71.5
215,Ken Crawley,NO,CB,13,47,7,1,0,0,0,17,1,0,0,0,5.5,71.5
221,Jerry Hughes,BUF,DE,16,28,16,13,4,0,11,0,0,1,0,0,4.4,71
221,Lamarcus Joyner,LAR,FS,12,39,10,0,0,0,0,9,3,1,0,1,5.9,71
221,Jordan Jenkins,NYJ,OLB,16,32,17,5.5,3,0,8,2,0,1,2,0,4.4,71
221,Trevor Williams,LAC,CB,16,46,8,2,0,0,0,13,2,0,0,0,4.4,71
225,Morgan Burnett,GB,SS,12,48,20,5.5,0,0,1,3,0,1,0,0,5.9,70.5
225,Dante Fowler Jr,JAX,DE,16,18,3,9,8,0,11,0,0,1,2,1,4.4,70.5
225,Leonard Williams,NYJ,DE,16,22,25,4,2,0,24,1,1,0,0,0,4.4,70.5
228,Shaquil Barrett,DEN,OLB,16,31,6,7,4,0,12,0,0,2,1,0,4.4,70
228,Hayes Pullard,LAC,ILB,13,47,25,3.5,0,0,0,1,1,0,1,0,5.4,70
228,Leonard Floyd,CHI,OLB,10,24,10,10,5.5,0,13,2,0,0,1,0,7,70
228,Derrick Kindred,CLE,FS,14,42,13,10.5,0,0,2,6,1,0,0,0,5,70
232,Derrick Morgan,TEN,OLB,14,16,16,8.5,7.5,0,14,2,0,0,2,0,5,69.5
232,Nick Perry,GB,OLB,12,22,15,8,7,0,14,0,0,1,1,0,5.8,69.5
232,Bashaud Breeland,WAS,CB,15,35,13,0,0,0,0,19,1,0,0,1,4.6,69.5
232,Martrell Spaight,WAS,ILB,15,44,30,4.5,0,0,1,2,0,0,1,0,4.6,69.5
232,Justin Coleman,SEA,CB,16,30,10,1.5,1.5,0,3,9,2,0,0,2,4.3,69.5
232,Ryan Smith,TB,CB,15,50,11,0,0,0,0,5,0,2,1,0,4.6,69.5
238,Logan Ryan,TEN,CB,15,50,12,2,0,0,0,11,0,0,0,0,4.6,69
239,Tavon Wilson,DET,SS,10,42,13,6,2,0,2,2,1,1,0,0,6.8,68.5
239,John Simon,IND,DE,9,28,14,6.5,3,0,11,1,1,0,0,1,7.6,68.5
241,Marcus Gilchrist,HOU,FS,16,45,11,2.5,1,0,1,6,1,1,0,0,4.2,68
241,Sam Acho,CHI,OLB,16,28,14,3,3,0,17,1,0,1,1,0,4.2,68
243,Robert McClain,TB,CB,14,41,8,2.5,0,0,0,5,3,0,0,1,4.8,67.5
243,Vinny Curry,PHI,DE,16,25,17,11,3,0,17,0,0,0,0,0,4.2,67.5
245,Paul Posluszny,JAX,ILB,16,43,18,7,1.5,0,3,2,0,0,0,0,4.2,67
245,Xavier Rhodes,MIN,CB,16,44,12,1,0,0,0,10,2,0,0,0,4.2,67
245,Nickell Robey,LAR,CB,15,39,10,2,0,0,0,9,2,1,1,0,4.5,67
245,Brian Poole,ATL,CB,15,49,14,2,1,0,3,4,0,0,0,0,4.5,67
249,Chris Long,PHI,DE,16,19,9,4,5,0,20,0,0,3,0,0,4.2,66.5
250,Ross Cockrell,NYG,CB,16,37,13,2.5,0,0,0,11,3,0,0,0,4.1,66
250,Solomon Thomas,SF,DE,14,34,7,8.5,3,0,11,0,0,0,1,0,4.7,66
250,Jourdan Lewis,DAL,CB,15,48,6,2,0,0,0,10,1,0,0,0,4.4,66
253,Korey Toomer,LAC,ILB,15,32,18,2.5,1,0,2,3,1,2,0,1,4.4,65.5
253,Manti Te'o,NO,ILB,16,42,19,8,0,0,0,3,0,0,1,0,4.1,65.5
253,AJ Klein,NO,OLB,12,37,17,6,2,0,3,4,0,1,0,0,5.5,65.5
253,Bradley Roby,DEN,CB,16,35,7,1,1,0,1,17,1,0,1,0,4.1,65.5
257,Johnathan Joseph,HOU,CB,16,37,10,2,0,0,0,9,2,0,0,1,4.1,65
258,Stephon Gilmore,NE,CB,13,47,3,1,0,0,0,9,2,0,0,0,5,64.5
258,Denico Autry,OAK,DT,16,23,13,9,5,0,9,7,0,0,0,0,4,64.5
260,Brad McDougald,SEA,SS,16,45,23,3,0,0,0,4,0,0,0,0,4,63.5
260,Willie Henry,BAL,DT,14,24,9,6,3.5,0,11,5,0,0,2,0,4.5,63.5
262,DJ Hayden,DET,CB,16,35,7,1,0.5,0,1,9,0,0,2,1,3.9,62.5
263,Leonard Johnson,BUF,CB,15,41,12,2,0,0,0,7,0,1,1,0,4.1,62
263,Janoris Jenkins,NYG,CB,9,27,4,0,0,0,0,9,3,1,0,2,6.9,62
263,Brock Coyle,SF,ILB,16,37,26,4,0.5,0,3,1,0,1,0,0,3.9,62
263,Matt Milano,BUF,OLB,16,31,17,3.5,0,0,2,2,1,1,1,1,3.9,62
263,Calvin Munson,NYG,ILB,14,35,22,7,2,0,2,0,0,1,0,0,4.4,62
268,Connor Barwin,LAR,OLB,14,26,8,6.5,5,0,12,0,0,0,1,0,4.4,61.5
269,Tramon Williams,ARI,CB,13,39,2,0,0,0,0,12,2,0,1,0,4.7,61
269,Jimmy Smith,BAL,CB,12,26,2,1,0,0,0,9,3,0,1,2,5.1,61
269,Sheldon Richardson,SEA,DT,15,27,17,3.5,1,0,7,1,1,1,2,0,4.1,61
269,Devon Kennard,NYG,OLB,15,25,17,7.5,4,0,7,2,0,0,1,0,4.1,61
269,Olsen Pierre,ARI,DT,14,22,8,10,5.5,0,9,2,0,1,0,0,4.4,61
274,Muhammad Wilkerson,NYJ,DE,13,26,20,4.5,3.5,0,6,4,1,0,0,0,4.7,60.5
274,Eli Apple,NYG,CB,11,41,8,0.5,0,0,1,8,0,0,2,0,5.5,60.5
274,Nick Kwiatkoski,CHI,ILB,11,40,11,3,2,0,3,2,0,1,0,0,5.5,60.5
274,Nicholas Morrow,OAK,OLB,16,39,21,5,0,0,2,4,0,0,0,0,3.8,60.5
278,Kyle Williams,BUF,DT,16,21,20,3,3,0,9,2,0,0,1,0,3.8,60.1
279,Lardarius Webb,BAL,FS,16,37,2,4,2,0,2,3,2,1,0,0,3.8,60
279,Takk McKinley,ATL,DE,16,15,5,10.5,6,0,10,1,0,2,1,0,3.8,60
281,Robert Ayers Jr,TB,DE,12,21,11,5,2,0,18,0,0,2,0,0,5,59.5
281,Lawrence Guy,NE,DT,16,34,24,6.5,1,0,4,1,0,0,0,0,3.7,59.5
281,Bobby McCain,MIA,CB,16,34,12,3.5,1,0,1,7,2,0,0,0,3.7,59.5
284,Cory James,OAK,OLB,10,42,14,6,0,0,0,1,0,1,0,0,5.9,59
285,Byron Maxwell,SEA,CB,9,39,7,0,0,0,0,7,1,2,0,0,6.5,58.5
285,Bennie Logan,KC,NT,15,34,17,9,1.5,0,3,1,0,0,0,0,3.9,58.5
285,Nevin Lawson,DET,CB,15,38,7,0,0,0,1,4,0,1,1,1,3.9,58.5
285,Jaquiski Tartt,SF,SS,9,37,17,4,0.5,0,2,3,1,0,0,0,6.5,58.5
285,Jayon Brown,TEN,ILB,16,37,14,1.5,1.5,0,3,4,0,0,1,0,3.7,58.5
290,Shelby Harris,DEN,NT,16,22,12,7,5.5,0,9,3,0,0,0,0,3.6,58
290,Carl Lawson,CIN,DE,16,10,5,9.5,8,0,20,0,0,0,0,0,3.6,58
292,Prince Amukamara,CHI,CB,14,46,3,0,0,0,0,7,0,0,1,0,4.1,57.5
292,Emmanuel Ogbah,CLE,DE,10,18,11,8,4,0,6,6,0,1,1,0,5.8,57.5
292,Zach Vigil,WAS,ILB,7,41,18,2.5,0,0,0,2,0,0,1,0,8.2,57.5
295,PJ Williams,NO,CB,16,34,13,1.5,0,0,0,9,2,0,0,0,3.6,57
295,David Irving,DAL,DT,8,13,9,9.5,7,0,10,6,0,0,0,0,7.1,57
297,Rashaan Melvin,IND,CB,10,30,6,1.5,0,0,0,13,3,0,0,0,5.6,56.5
297,Deshazor Everett,WAS,SS,14,37,21,0,0,0,1,5,0,1,0,0,4,56.5
299,Tyrone Crawford,DAL,DE,16,18,9,5.5,4,0,12,2,0,1,1,0,3.5,56
299,Deatrich Wise Jr,NE,DE,16,16,10,5,5,0,19,1,0,0,0,0,3.5,56
